Codice socio,ordinale gruppo
1190111,L2089
1368079,M2046
940615,Z1605
1132216,Z1605
1189231,E2689
984873,L3179
1008478,L2695
1003157,F0323
1493732,R1267
1007898,R2563
1029992,R1807
971020,F0323
1356190,D1711
1065704,R1807
708072,R1807
1683097,R1807
159531,L0722
523106,F2160
121963,S1336
1592888,S3351
1069618,F0323
318617,F2160
1271706,S3176
621173,P1100
1003647,F0231
904163,H2985
118102,R1293
1287463,I0642
996260,F0245
1661811,F2160
1202976,P2284
1529440,E3116
1287000,H3345
909356,R2563
1125272,R1275
731212,P2284
1111080,F3206
12269,E0150
1104994,F0323
1079554,F0245
1662249,R3447
249104,P1100
507442,R3427
1493714,F0333
1168706,F3337
938884,F0305
1662718,R3445
1591966,R3445
948099,P1100
1042556,L2695
1380095,C2041
1159574,F2058
1236804,F0269
954896,P1100
996111,L0734
1148497,S1311
1660998,D2425
1217093,F3337
1664265,R1293
1108458,L0734
1207233,F2710
1641969,L0734
21995,F0250
437798,P1073
1281306,L3024
1320578,L3024
1092439,D2720
1438031,H2543
1344578,R1232
1077985,F3337
965303,I0642
1404723,R3427
1150779,I0642
1212368,I0642
1405709,Z1917
1146856,L3429
1214761,Z1917
1657962,R1275
1219712,H2152
1631062,R3264
1121321,F0250
1560530,P1073
1497106,C3363
1205824,M1806
1077983,F3337
1282234,Z1533
1070522,P1100
1364886,L3276
1198919,L3429
855839,Z1453
1311929,M3280
1282535,E1827
1484394,P1100
162595,N3111
626320,P2589
869533,C2041
485762,P2589
1053366,Z1582
1001912,Z1582
1298465,L0823
1143383,F0250
1389571,L0823
1206614,F2915
1002326,E3117
1182991,C3210
148867,C3210
1563374,R1232
948800,C3210
1630360,C3210
1275735,L0823
1516368,C2041
223979,R3216
1179835,F2915
1103706,M1806
1009623,D2027
1231897,D2027
1245890,L0823
318622,F2160
1282573,S1311
1427809,D2027
1630516,P1846
572027,L3276
1275734,L0823
1328614,Z1497
1529623,P1737
148875,C3210
1203226,F2160
1066096,H0435
1298445,C3210
264511,C2041
1662021,R1255
1244134,L3429
933570,M1806
1171391,S1311
1051811,C3210
1432570,M0871
1183000,C2041
1634143,P1965
1425874,H0435
1455417,M3293
1682679,E2689
976845,L2249
571999,L0675
104361,P2589
1208752,Z2925
1139590,F3300
1121113,D3196
938592,P1965
1179427,L2249
605962,B2073
1342905,R3264
786197,I0613
1250696,L3276
1434912,C3210
343333,F0327
1214615,P1115
33038,G0341
1080309,F0260
1271700,S3176
941154,F0260
1317470,F0260
1160829,H0400
1554196,R3427
1075435,V1436
451850,H0400
1081156,S3094
941127,F0260
1365368,D0116
1201293,D3196
1302207,S1313
1160875,D3196
1666920,D3196
1127933,G0341
466350,P1077
1042304,I0645
1551795,C2041
1134305,R2563
1496125,L3276
1348321,I0645
1352495,P1686
9649,D0116
1634099,S1313
1230642,D3196
1236939,D3196
1363938,H0435
1096279,S1368
1035518,G2130
1273827,L2673
848227,H0400
539972,R1275
1245730,F0260
1630249,P1686
1635047,H3290
1106985,Z1588
1029377,C3210
699941,S1368
222112,F0327
1196634,F0260
625133,I0645
1246696,U1688
1029051,F0260
1331512,M0875
1255404,I0645
484951,P1068
1630364,O1893
1006363,C3210
1275899,G0377
1226092,L0659
1047088,H0415
1250195,E3116
1082739,L0717
1143742,H0447
1234838,H2021
1233542,R1232
1336645,P1098
1669003,F0311
1311216,U1428
1496214,L2249
910920,L2249
1223088,S3351
1529546,Z2972
1206950,F0327
928169,F0327
1241585,H0454
1079472,Z2106
544066,G0347
1241602,H0454
1195272,L0659
1299777,I2987
1663081,S3351
1264638,I2987
1226860,D2720
1165969,Z2964
1172693,Z2964
1559700,Z2964
1292569,H2312
314112,S1313
158119,I2987
61424,I2987
1175370,Z1458
1379079,M0875
395570,F2136
966142,Z1458
928825,D0086
1042930,M0842
1497799,S3197
671825,I1932
424552,I1932
1155846,I1932
816639,I1932
158187,I1932
1222828,I1932
1287328,I1932
1222819,I1932
1175132,H0454
1198718,I1932
1198719,I1932
1222814,I1932
965724,I1932
818207,I1932
772948,I0643
1159956,O1702
1079475,Z1458
903841,F2999
1257778,H0415
1061172,H3010
1180770,F3158
1393717,Q2974
1180754,F3158
466314,P2500
1658437,H3345
1196758,C3210
314862,S3351
1088888,P1100
866514,Z2925
1170562,Z1605
1256843,M0842
636757,N2460
1344612,M1873
38640,H3345
1202339,H3010
1155669,Z1492
177154,H0454
960715,H0435
1311391,S1382
1237845,H0404
1098636,H0404
1632608,R2839
1158609,L2673
1289259,H0404
1486140,S1382
962150,L2249
1141250,C3210
1354991,R3427
1211180,G3221
1063979,H1738
972170,T1385
1009068,O0993
1073032,M0842
1273829,L2673
654764,S2574
1343050,I0643
605515,N2460
1212149,M0842
1624571,R3427
1431071,R2239
1271963,F0327
111150,R1940
1118836,Z1625
1215487,H2166
814079,C3210
1229875,Z2687
1339862,Z1507
1322345,P3056
1207787,P3056
1247174,Z1917
1036144,Z1492
1406122,S2100
714228,R1275
1490581,C3210
1179664,Z2677
1152034,P3056
161223,L0823
1142448,Z2687
1058471,S1382
1630048,E0138
1171165,D2431
376898,M0842
999375,Z2677
1218375,R1263
162017,M0875
1142000,Z2964
1074942,D0086
1106958,R2285
1184416,R2285
1324454,R2285
791301,R2472
1243175,Z2964
1258999,L3179
1290089,R3265
1362539,P3422
1390703,R1842
81921,M0842
1006331,F2160
1222641,M0842
855697,L2673
1044310,G1843
1295320,M0875
995568,L3105
1012539,F3020
1532587,R3447
1532590,R3447
426543,H2166
277375,L0659
1225713,D3196
1456124,V1436
1153011,R2239
1256827,M0842
1061961,L1796
1077062,F0227
1245070,L2695
1174878,Z1900
1478778,S1311
740284,S1330
639312,M2483
826449,L0715
1135902,F2915
1192355,H0415
1247945,Z1489
1046848,F0245
990831,S1375
1171769,L3276
1109766,M0842
1259486,R1842
438005,Z1494
1451997,H3325
1199349,Z2348
1244029,Z2348
800709,R2563
1248148,Z1489
860784,L0687
1008228,H0435
1394487,L0722
1015046,I0589
1016187,H0415
852324,I3156
1165405,S1382
1189601,L0792
832709,P1690
1195953,L3024
554010,N2460
1562578,S3351
854250,F2915
1108819,F2915
1334001,Z2964
1230092,S1375
1023253,U1413
1296246,S1375
1256404,F0250
1341283,Z3093
1416307,R3216
1274737,B2392
1226219,P3056
1118361,M1873
434673,M1873
1203825,Z3093
849941,M1873
1148480,S1311
1402381,Z2677
1210210,F3020
280559,M1873
1282583,S1311
1069611,P3056
83455,M1873
158109,I2987
214183,Z2964
160144,L3430
680834,B2392
670371,D2613
1151872,O1023
434671,M1873
1452524,P3036
158619,L3105
371411,M1873
1320964,M0875
1258683,I2987
990048,H0470
1037530,L3276
1119876,O2480
1657907,P1100
1180811,P1846
973547,H0470
842204,D0085
1323362,P2550
1665224,F2710
1189091,I3156
1603002,F0245
53278,H3345
1417994,F0263
129664,V1436
1086121,Z1582
928260,F1767
129684,V1436
422146,P1904
455835,H3345
1311598,B1849
1334123,D0085
939075,H2312
894357,F0323
1335074,M0842
1275640,G3106
1334327,F0250
1183578,S2469
1015538,M1663
966380,L0766
72927,M1663
1296253,S1375
1198615,Z2687
1489864,R1940
1052677,I0613
1117465,I0613
1237595,D1838
997785,V1436
1591814,R1293
35823,G3106
1591813,R1293
1293875,F0279
1271031,Z3093
1188849,H2312
1338775,C3210
1091557,H2312
1635043,D1838
1330776,F0279
1239667,E2238
966807,Z2964
1392059,E2238
1310116,L3024
1529910,G0347
1606115,L3024
1210225,F3020
1053819,O0993
707155,G2130
1483104,F0279
1323110,F3162
1180758,F3158
1315137,H2312
522434,Z1489
277024,H2312
1198585,Z3093
605485,N2460
464167,H2166
1433041,F1767
1596256,F1767
1381023,F0263
1217242,F0263
1229473,O0993
1175201,P3056
1292786,R2563
619961,S3126
1238563,L0766
935712,F0279
1053826,R2566
1123325,P3303
1081728,O0993
1435457,S2469
1123326,P3303
996657,H2312
1255679,R2285
1330974,R2472
1241579,H0454
1172918,Z1489
1229118,O1028
939178,P1073
524574,D0085
1068682,F0319
1473668,O1028
918180,R2566
1014581,O1023
407104,G0359
1392972,R1255
1241187,F0269
1293858,L0659
1004459,O2173
750001,D0125
1638381,S1375
1219172,S2963
1189924,I0643
1113174,G0377
1229603,F0279
1219159,S2963
1212657,G0377
1144260,F0279
1096794,H0465
341490,M1873
1214374,F0279
652173,H0454
1144265,F0279
1179666,Z2677
877471,B0031
931470,H0454
759615,R1262
956837,V1434
1062411,B0031
304283,H0465
1190855,F0279
1013559,Z1740
1193482,Z1740
1182204,Z1592
1248160,Z1489
1662792,P3303
1662786,P3303
1592897,P3303
1078832,H0454
892152,U1423
961221,H0465
1348175,L0802
1190633,L0802
1221530,U2984
1413025,G3106
1190870,F0279
1187116,B0031
969972,L0802
1185008,F0269
551639,T3080
937639,F0269
274814,G0347
1175115,H0454
1237485,S2502
1348844,H2312
1082845,L3061
1192075,S2963
1464310,R3334
168623,S2963
899613,F0279
1225206,G0359
1574229,H3010
672202,L3276
1175117,H0454
1078246,F0279
1594148,N0916
1091646,L0659
1212376,I0642
1109205,S2502
1300315,G3106
1208410,L0792
762042,E2238
1317655,N2460
1111387,Z1454
1244821,Z1454
1501442,R3110
1239558,H0496
1279021,L3061
1182600,L3061
1560897,H3010
1195276,L0659
1245977,L3061
650065,L3061
965972,Z1454
1630513,Z1605
949442,S2963
1109604,L3061
1425638,G1843
814227,D0074
1253552,U1423
1290920,Z1454
1288197,R2050
1333465,G0344
1328854,C3210
1156515,R2050
928049,Z1480
1283509,Z1454
784661,R2050
656762,Z1579
69161,L3061
271207,M1873
1195182,Z1454
1592373,C3210
728729,L3105
1184843,H2152
1098288,O1026
1200522,G0344
1103129,H2152
1661099,P2284
1190376,B1756
1097549,O1002
1626425,P2182
1187108,B0031
891508,Z1588
983286,T1396
1450741,G0374
899623,F0279
600846,G0341
1159921,C3210
1520321,D0057
1125402,F0279
1222615,N2460
1389111,D0125
897146,G3106
285858,V1434
1291596,I0643
169371,V1434
1543800,V1434
1093415,T1385
1462655,F3373
1240771,T3080
172324,Z1605
1314171,Z1454
914082,Z2266
1233034,I0643
1362337,U1423
392667,H0555
958541,R2050
471056,R2050
916360,L0832
1493383,E0138
1280022,L0761
1144261,F0279
1013149,Z3093
1109117,F0269
864146,P1104
1527559,P3422
1218333,P1049
1218338,P1049
1243089,P1049
1432144,C2041
1181195,G0378
1042890,F0260
1098216,E1681
1279972,F0250
1084308,O1023
707799,U1428
1153181,U1428
772562,F1767
1254150,O2309
1523963,H3010
89925,O0934
1282389,O0993
1273710,O0993
405941,F1767
1246315,L2624
958269,P3422
920895,P3422
1435792,S2469
907364,F0260
966387,U1428
1301433,E2238
1336439,O1028
1396534,O1028
596239,U1428
569472,U1428
1144183,H2985
1251887,L1796
941890,E1789
1157524,D2613
1058554,Z2972
877095,Z1900
1159347,L0792
1047538,F0269
254312,E1827
1280539,Z1479
1183401,M0883
1245684,Z1479
1193909,P1686
685417,Z1453
1278396,U1430
744712,U1428
877568,D0057
546336,L0766
1491642,L1906
1047791,Z2497
1274955,L0675
1562615,L2624
1240034,S1319
51091,H0472
790598,P1846
976637,S1327
1290307,I0637
893056,Z1579
1500315,H3250
908816,P1686
1481718,B0031
1149554,Z1588
1181784,Z1588
1653887,R3110
1280034,L0792
1279731,L0718
1453390,L2089
1633534,H3250
1205906,Z1533
1177024,Z2857
1114716,Z1453
154225,H3250
1456593,Z2857
1599093,G0378
1344001,G1977
1493189,R2053
1203207,S1319
38648,H3345
1277136,Z3462
1126054,L3061
1590815,H2312
1341464,L2089
110170,R2339
980186,R2339
1156959,M2483
1179143,Z1494
1060022,Z1592
1440764,F3373
1137555,F0319
1280237,Z1900
1225424,Z2266
1493792,L0717
1138492,L0802
1144274,F0279
1009344,F0279
1137800,S1313
790057,S1313
1118406,L0802
1213042,S1336
1081220,S1313
1302775,Z2964
1227296,Z1458
1047769,F0250
1266799,N2460
1106460,F0250
1269790,R2563
1088334,O2585
1532066,P3422
1117382,S1313
1245025,H2985
195923,H0435
1269791,R2563
505866,R3110
1305849,L0802
1592093,R3110
1591898,L2673
1429903,P3422
633483,R2563
1083490,O1024
730091,Z1740
1166554,O0993
351762,P1068
1152053,C2688
1562748,R1183
1562749,R1183
1002518,F0311
1002530,F0311
688110,P1068
135471,Z1740
1440631,S1382
674620,D0057
915111,R1183
1070648,L0675
1201491,Z3211
1138522,Z3462
1440824,F3373
1225893,Z2972
1139350,S2101
1272718,Z1740
1592499,Z1740
1573426,P1068
338935,O3349
208839,F2058
605482,N2460
1299510,P1846
1612441,H3290
1600653,P1068
1091236,H3290
909884,H2878
1267060,S1376
540942,N2460
493234,M1853
451546,R2339
1425919,Z1450
1240750,P1068
1282465,E1827
1142490,M0845
1129984,Z1740
1122421,R2563
140527,Z1582
491998,E0161
680268,E0161
1039910,H0534
666701,H3290
1137526,O0971
1053302,D0116
1078341,F2398
1425560,P1965
1239832,I0637
849551,E1827
1036437,I0609
1118365,M1873
963567,C2688
1189807,I0609
1279025,L3061
790384,Z1565
1566460,C2688
584132,Z1472
1158872,I0609
1275551,Z1565
1149319,L2249
1562722,Z1489
766669,Z1900
1174498,Z1565
636796,N2460
1018174,D0125
1146571,Z1740
745622,B2392
1077284,I0609
1619880,E2238
1313297,M1853
1313690,L0675
1661752,Z3462
1181659,P3030
812335,P1068
788821,C2688
1260486,G3106
1137530,O0971
109024,Q1176
109026,Q1176
1013729,Q1176
973891,Q1176
847239,Q1176
1168321,Q1176
1642668,Q1176
1646820,Q1176
1268506,H2166
244705,E1789
1291635,F0323
168662,S1376
623607,B2392
990677,S1376
1232514,H0454
1121637,S1376
1131719,S3094
1224186,S3094
974388,S1721
1528292,F2322
1013563,Z1740
330083,F2322
978957,F2322
450312,R2239
434125,D3196
1630190,F2398
1422952,D3196
1141924,S3094
1106239,L0659
1138469,Z1740
1104811,F2322
471899,R1254
1509656,F2322
1166401,L3105
1212302,F2322
1528896,U1423
1226378,D2613
421499,C2688
1157513,D2613
642132,S1721
975718,Z2497
1116702,Z1479
1013155,Z1479
8102,D0093
1420957,F0323
1240033,S1319
1294926,S1376
262709,P1079
1411912,H3244
1013565,Z1740
1150223,H3290
980128,I0637
1250698,L0675
1182426,L2671
1181649,Z1472
1164525,S2574
1231909,S1376
254320,E1827
1278664,P1111
1212303,F2322
849572,E1827
1258309,O1024
1116739,Z1900
698034,S1313
1661720,R2050
125068,S1376
1529588,B2392
1425316,E0161
1530237,E0161
1662090,F3158
1176202,F3413
1359488,S1354
534391,L3079
1629621,B2392
1223319,L2671
1375343,Z3462
480486,Z3462
1277138,Z3462
1284295,M0888
1067584,Z3462
1414943,H0454
89923,O0934
274804,G0341
251383,G0341
813873,L0792
1190045,E1789
912083,R3261
191056,Z3462
907144,F2136
1297498,C0048
1311915,M3280
1250472,L3105
1065725,L0792
1241795,L0792
1529745,B0022
1301533,Z2105
1299992,Z2105
1076203,G0374
1357140,G0344
165203,P1965
1292568,H2312
1222566,H2312
1364079,Z1500
1019992,Z2687
1071261,I2987
991483,Q1137
1129225,F2058
1257078,G0374
1225652,D3074
1330018,D3074
902684,Z2677
1399375,Z1480
1340291,Z2497
128730,U1423
1158604,L0810
797987,Z2266
1302081,Z1467
957072,U1424
1001176,F0250
972529,Z1565
1257087,G0374
1210560,H0465
1147948,Z1467
1010609,H2168
857388,H0465
1023129,H0465
1139779,H0465
385530,E1789
1254971,S1721
1082675,L3105
502789,Z1465
1427546,I2987
1147944,Z1467
1211744,Z3462
1213910,L0717
1256939,D2613
1331952,H2168
1121873,E0145
1252651,Z1696
1034752,H0465
1331498,F0227
1318651,I0612
1222131,I0616
984928,G1977
1189792,I0609
1252963,L0815
931098,I0609
1269681,M1873
1185455,D0086
1676513,D0086
1007896,R2563
1047644,O3416
975990,L3429
1646981,C2688
1425911,Z3462
648015,S1313
1284224,Z2857
1369437,O0934
1270085,L0802
1407252,Z1479
1155584,Z1479
909555,Z1479
1200247,Z1479
1002308,L3429
1277890,L3429
1407634,C0047
1071117,H2990
1274826,O0934
866151,U1428
385769,F0327
1269961,C3363
654082,E0133
1662169,G0344
849517,Z1565
1244131,L3429
917232,I0637
555259,G0344
645042,R1293
1395735,R2239
1205827,M1806
166033,R1183
1159228,Z1565
1527687,Z3410
166037,R1183
1075442,V1436
1012050,G3106
1270018,Z1480
1497105,C3363
1282466,E1827
1137418,F0287
1221525,G0341
1006049,D2836
1562268,C0047
1393465,R2272
1359366,N0921
1008467,Z3462
1174023,O0993
1662038,F3300
1154298,Z2857
797289,Z2854
1226778,O2585
621096,Z1740
673489,Z1740
1551287,P2797
1164974,F0229
1302125,H2990
1228102,F0272
1238709,F0272
1232515,H0454
1171345,G1843
806795,Z2854
970843,G0341
1630668,R1255
1000936,O1044
1171343,G1843
1427547,I2987
1390060,Z1453
1257180,O2842
1307922,Z1453
1496013,Z1458
1529430,P2182
1493601,O0944
1302928,E2238
1141561,Z2925
1173892,D2613
1184701,G0341
1246039,L2671
1531466,Z1533
565594,C2688
1032053,D0086
1351643,O1032
1272135,Z2972
553171,E2238
1161310,B0031
101235,P1055
1493623,E1827
1077999,C0047
1165786,F0254
1184920,E0145
1221209,O2842
1455351,S3176
791754,Z1453
1172289,O0971
1310211,O1044
1244615,F3158
783152,F2759
1277196,F0272
1243909,F2759
1340037,Z1565
1276939,I0609
1529521,G2363
1242618,I0609
1306607,P3454
995365,L2132
1207634,O0971
379620,F1767
391569,E2238
963575,C0047
208338,E2238
1386623,D2613
785505,D3353
437813,F2241
1252243,F0225
1048952,L2132
1137682,E2238
1592137,E2238
1291971,U2197
1337049,L2132
1204318,O0934
1287029,L0800
1109211,S2502
419991,U2197
1276325,L0717
1497104,C3363
1011106,F1833
1082729,L0717
1122054,R1241
1630667,R1255
1221061,F2759
1170890,R1183
928253,F1767
1138608,L0687
1041331,Z2854
1030032,S1354
482246,S1344
1495605,L3429
1223656,N0921
1271921,F2759
1248772,E0161
832708,P1690
130662,Z1453
1283798,O0959
1050948,O3416
1151463,U2984
385996,V1434
1277201,F0272
1207583,O1033
1248773,E0161
1266771,O0944
1129999,E0161
1245392,L0717
1331933,R3265
1424946,R3265
829043,Z2731
999305,Z1472
705639,D2613
1069134,F2759
618531,E0161
1129996,E0161
766933,F2759
319946,H2021
1268185,P1049
568422,F1767
1361798,F2759
1165071,L2695
897702,R2339
1167504,F1833
1662943,D2613
1182888,E0161
1322683,P2438
1246501,O3416
1638791,R3216
1257557,L0832
1220409,H0441
268578,E0161
12932,E0161
1158896,I0609
1152094,H2021
1072073,L3429
1158765,M1873
162914,O3416
1248499,O2480
1348086,O0944
640142,F0227
1550101,O0934
525251,E0161
251298,F0333
1243904,F2759
1209830,F3300
1063223,O1040
1115171,T3080
769128,L0832
1247036,L3105
1190960,F2759
1592086,R3087
1143577,R3087
1128379,O1024
853981,F2322
1405084,E0161
1612450,H3290
997395,F2322
1092643,L0800
1008029,F2322
1189328,L0832
1424681,P2182
1193018,F0227
630023,F0325
1182771,F1973
859391,G0383
1160539,F0227
1119693,O3416
1326914,U2984
1079725,L0832
1153544,I3042
1298693,I3042
1116899,T1385
1255298,Z1453
1107461,T3080
1285504,R2602
660941,L2671
1243296,Z1941
992442,F2759
1172984,Z3211
1231903,S1375
1225884,Z2972
1037609,G2363
1185349,N2460
792033,S1721
1196619,F0260
1008323,O3416
959264,F1767
1556941,D0051
1248845,M1853
1228215,F1973
1041393,O1032
1259553,R2050
315126,E1789
1071999,F2322
1385302,U2984
1493526,G2363
1336349,E0214
150975,F2759
1288009,F3206
1239845,E0219
1534148,G0377
1245377,L0717
1030585,Z2105
1264408,H3345
95875,O0994
1116694,Z1479
1284536,L0832
1094773,U1413
356392,O3340
1153375,R1183
797230,Z1479
1289055,Z1579
998014,F2759
1271929,F2759
1243908,F2759
1190965,F2759
1137549,F0319
1165954,Z1453
1363716,F2759
1131558,R2944
931534,G2363
1244237,D0121
1196270,D0121
1244236,D0121
1230749,D0121
1196273,D0121
1047642,O3416
794565,P2798
1072603,I0637
1630154,R2668
1575754,R1239
1239994,G2363
1101855,D1711
1243922,F2759
1146626,F2136
1136008,T1385
712698,F0279
1662524,L3357
1243911,F2759
1035765,B2556
1213144,Z1588
1111633,F2759
535393,O1024
268753,L0823
671451,M0883
1207660,O1028
1284944,O3416
90408,O3416
1592295,Z1903
884143,O2480
1004837,Z1480
294531,Z2959
1290835,B0031
1095228,I2841
1196423,I2841
1004823,Z1480
1189859,I2987
347240,Q1171
1240693,Z1480
187819,O0944
230166,O0944
1455666,L0814
1043174,L0814
907215,L0814
1320709,L0814
1151974,E0145
1129790,L0713
967762,Z1461
1142339,O0994
1530586,Z1505
1255267,I0642
1109327,F0275
1147280,F0275
1109332,F0275
867187,U1428
1460035,C2041
1440762,F3373
1282685,B0007
1115082,T1385
1530298,R2668
498513,R1211
1159690,I2841
161048,L0814
1029440,E1827
1276326,L0717
1203215,S1319
440973,Z1505
1629657,R2747
1135829,Z1901
285424,L0814
899314,S1374
1245692,D3196
1294186,I2841
1125482,P1103
1192430,D0125
925128,E1827
1092007,E3116
1263984,F0323
208651,E1732
1634774,R1275
1612419,H3290
1329223,F0323
1291671,F0274
971009,F0323
1080372,F0323
1291631,F0323
1633327,S2469
1262211,L2996
301162,E1827
1242614,I0609
1419311,D0062
1419307,D0062
1455486,R2201
1687587,R3216
946886,Z1461
1324800,D0062
1072664,F0290
1142345,O0994
1529681,D2027
1050200,Z1461
1213023,F0323
1152124,Z2409
1092017,E3116
1171073,D2376
989902,R2201
1109335,F0275
1659235,Z3410
1101484,H2168
898933,S1364
1662203,P1100
1256483,H2312
1194707,O3416
899798,B0027
735882,I0609
1219043,Z3211
1213339,E3116
1242620,I0609
261580,E1732
1286461,E0138
166446,R1964
1189793,I0609
1194148,S1364
895053,E0161
1097080,B0027
1455766,T1385
1269792,R2563
972214,F0290
1083248,O0944
1147279,F0275
1408130,O3416
1649811,R1842
323278,M0896
1203835,Z3093
1276943,I0609
1629777,L0717
1632614,R3265
1632620,R3265
985952,S1364
1231957,I2841
1470068,L2332
1284544,L0832
1263102,F0323
1125915,R3468
1183061,Z1461
963436,T1392
1205887,Z1452
1215974,L0717
312409,Z1506
1097697,O0994
640761,Z1506
1198646,Z1633
1299646,B0012
1106240,T1385
842024,R2201
314556,H2878
1662110,H2878
1620216,P3036
967770,Z1461
1369590,O3340
1047658,G2363
670923,Z1901
1263867,H3296
966678,G2363
1210783,F2241
191567,B0027
95989,O3340
835292,O3349
881470,O3349
1249682,B0027
1099915,S1364
902015,M0896
894404,O3340
970468,U1413
1042396,Z2959
1243303,O3340
1069741,F2580
1441767,M3280
1211056,O3340
460870,F3373
1067811,M1952
1040804,M1952
1471537,P1073
488660,I2987
1058837,T1392
1682498,T1392
1161232,M0899
1039038,S1364
1658162,R2306
1124244,Z2766
1109720,L2996
249749,U1428
1038063,F2241
1353012,O3340
1250395,F0245
392176,F0333
1593837,U1428
1565770,D0057
1136539,F3337
1117160,S1336
1277883,L3429
966409,U1428
1624576,D0057
704535,E1732
1097090,B0027
1027612,Z2687
1301987,E1704
1164652,F0333
1159185,Z1578
1243809,Z1578
1293794,B2556
148797,B0031
440525,M1952
1387574,B2556
1293792,B2556
1263456,F3337
626299,P2589
1287996,F3206
1630602,P3030
1155213,Q1168
1148239,Z1461
1287468,I0642
251005,F0232
337643,F2058
1193967,F0232
1220173,F0232
1255149,F0232
1071509,F0232
1251960,F0232
778675,F0232
1454388,F0232
208762,F0232
1357123,F0232
1244762,F0232
1212041,Z1494
1253286,Z1494
1087933,Z1494
1316458,Z1494
1212037,Z1494
583716,I2987
1261582,D0062
208778,F0232
891037,H0443
927056,H0443
1138301,E1732
1651454,Z1505
1196245,H0443
1318305,L0672
295480,H0443
1277026,H0443
631558,H0443
1122214,Z1579
1167203,M1663
1071270,E1732
902472,L0832
1218040,U3443
1460091,Z1903
1190211,R1842
1633409,P1117
1157290,R1249
1071503,F0232
894965,Z1480
471173,D0062
690349,Z1588
269073,Z1588
1178179,O1023
1015236,R2472
1112956,S1364
1591034,R3377
1312297,U3443
959328,L3276
1281732,Z1578
114370,R1247
773971,Z1903
1592414,F2580
1330973,R2472
1111168,Z1792
1239392,Z3093
1160182,Z1453
963204,P1117
1179147,Z1494
1386655,R1247
1106272,F2323
932901,R1247
1244087,F0288
1179667,Z2677
1137544,F0319
731306,F1767
778507,B1849
1334608,Z1620
891352,S2502
888655,F3054
869323,N0927
877474,B0031
1485539,P1104
670343,D2613
1012074,R1194
1183265,H0470
1419042,P3036
1060192,P1104
1339875,Z1507
1246189,F2136
957530,L2673
162568,N0927
1222232,F2326
968949,F0319
1322019,Z1485
1122966,O3349
1632688,P3030
1061046,O1024
1016126,F3054
1089933,Z1480
1326122,S3176
1487434,F2396
1215102,F0225
1664101,H0534
891502,Z1588
211347,U3443
418627,R1234
1680570,H3290
1365120,O2702
1144221,F0225
1081843,T1385
1151127,L2695
1232988,O1024
966401,U1428
1230160,E0165
1187900,O1024
169300,U3443
601246,F1767
1405735,R2944
1173601,H0470
1223961,R2944
1113261,F2396
1408618,F3347
1141904,F0280
26371,F0280
553192,M0853
1342183,R1247
1239277,R2944
34844,G0374
179419,Z2524
148459,B0006
898936,S1364
1251495,O3340
1278227,Z1592
1251864,L0672
1149569,Z1588
1075635,R2566
1430809,N3111
1216519,F0274
100634,P3454
224258,E1827
917453,R2201
1065223,E1827
1217898,Z1563
1270016,Z1480
1474639,L0664
152213,F3020
277628,M1663
1084664,O2702
1284753,Z1563
1194919,L0672
1195118,L0800
1011880,G0383
1261580,D2027
1184049,L0800
1332443,U2894
1149695,F0287
168024,S3418
1190867,F0279
1239926,Z2927
584286,B0006
1181234,F0272
809328,Q2847
1490345,S1354
1282500,F3337
1256531,O2445
1250792,I2841
518378,L0832
1112504,F2326
1401545,S1324
1181235,F0272
1266742,F3246
1301292,Z1588
1417051,Z1485
1007729,R2306
1174805,Z1480
1144617,Z1480
1209579,R2306
1494314,R2306
661931,Z1533
1106001,P2178
1211282,I0609
997160,F0319
899385,O0971
991643,F0274
1321774,O2480
1188829,F2323
1006340,F2323
1080829,F2323
1179516,F2323
1340774,F2323
1051542,F2323
1255861,F2323
547661,F2323
1255867,F2323
1004365,F2323
1592358,R2272
1112187,Z2927
1599948,L2996
813545,O2702
1655693,Z2264
1073939,G0374
1244043,L0705
180984,L0705
1663822,L0705
1493337,R2668
923608,Z2264
923590,M2217
960295,M2217
1056884,M2217
1460682,M2217
1146332,H0404
1305492,O0971
1376253,M2217
1293618,M2217
1333116,M2217
1173331,M2217
960313,M2217
1393562,M2217
858985,M2217
1137805,M2217
1200576,M2217
1452533,O1033
888915,P2178
1391587,P2270
293015,I0614
1289416,O1032
926011,L0672
1155312,I0643
934160,Z3462
1136494,M2217
1129916,I1979
384460,R2602
1562848,L0766
1256123,L0761
1213863,L0710
1378521,Z1467
1226098,L0659
551311,L2695
1277350,F0274
1131645,L0800
235910,L0818
1225697,H0404
1350903,O0968
1102996,F0333
1046878,L0818
1001266,F3054
1270014,Z1480
823962,Z1941
1247558,F0254
403737,B0012
1131366,F0254
1137423,F0288
1493936,O0968
468248,P2178
1055897,O0968
1147800,I0614
1563372,R1232
1493966,L0818
1306752,F3337
1272142,Z2972
1046873,L0818
1181194,G0378
1083550,O1893
1131385,F0254
1181226,F0272
1426913,L0653
371446,O0933
1285434,F2136
421380,F3054
1307420,R3270
1132307,B0007
1191124,L0653
1101644,F0280
1063026,M2217
1493828,F0274
1080295,F0260
1164572,S1376
1146615,F2136
718884,H3325
1560860,D1711
1263449,F3337
1340780,F2323
936078,Z1563
1131210,F0333
1029387,B0007
1520716,D1711
1269440,P1068
38593,H0415
912948,D1711
944874,U2894
1280028,L0761
1356164,D1711
902231,F1767
1630239,P1068
1662250,P1068
150947,E0186
1419184,R1239
979702,E0186
1236793,F2058
1462447,F2580
1269442,P1068
1299526,N0927
1427442,S1350
1162517,P1066
1262301,Z2972
1208580,F2999
565668,P1115
1274659,O1024
1290927,F2326
273462,S1350
1115104,P1104
1210899,S1364
1425634,G3221
1182349,F0287
1529409,E0186
1225977,I0612
1174812,Z1480
777480,H0470
1239797,P2270
1189909,I0643
1562561,P2270
439218,H3290
864176,Z2264
1181615,D2836
380886,P1965
793913,P1068
1007279,E0186
1259751,F2455
1216193,F2455
1255943,F0225
769268,E0186
1533079,H0397
1324040,Z1461
1319358,E0186
674373,B1849
937049,H0470
1266796,N2460
1230629,F1767
848910,Z2106
1256980,F0232
1280013,L0761
1214880,L0713
1264339,S3197
551785,E0186
1178156,F0333
1173710,H0435
1239927,Z2927
355545,F0333
540451,B0021
1204973,Z1903
1247753,U1424
1662845,E0186
1065399,G0356
1255869,F2323
1161514,R2804
538776,U1428
1562750,R1183
1118037,I3365
1458024,E1827
1260846,T1392
1196818,E1704
1114782,Z2972
1393335,R1254
994750,H3325
1062106,E1704
903389,Z1633
1289246,H0404
1029982,L2695
1364604,H0404
1310434,P1746
1575052,H0454
1661664,Q3226
1134038,Q3226
1251337,Q3226
1030748,Q3226
1134034,Q3226
1086754,Z1633
1174802,Z1480
1208852,G0374
177118,H0429
1147057,F2136
1018053,D1711
957703,B0016
1297934,D1726
1494851,Z1903
970559,F0303
1008227,H0435
573704,Z1633
1346503,Z2857
800638,B0016
1038585,F2083
1141659,B0016
1229020,F0290
1217454,B0016
778489,B0016
1314822,B0016
999372,Z2677
1168772,B0016
1449816,B0016
1226522,F0225
1001867,F0275
1617981,D1711
1110685,Z1543
1447246,F3379
350900,H0404
1452320,T1398
395562,F2136
1202979,P3454
1216276,F0281
1043585,Z1556
935886,Z1556
687643,S1369
1102989,F0333
1617977,D1711
1095155,L3024
1062425,L3024
208942,F2083
1113585,S1369
793839,M2217
1223951,R3261
716849,F0298
1207473,Z2106
1246195,F2136
1591289,M3293
306071,Z1582
1241941,H0470
933408,S1369
1301293,Z1588
1102527,Z1536
980493,R1239
1360825,S1369
1254572,S1369
1282487,S1369
1237172,D2318
1284572,L2086
1249743,L3024
1455567,Z2411
1114641,B0026
850059,Z1494
1592362,R2272
1530233,P1746
354863,Z1578
1293909,F0281
1325919,E0138
1163657,O0933
849550,E1827
1111857,E0138
1634912,D2425
885175,P2095
473667,P2095
595924,P3056
1530187,B0012
1054357,M1873
1569786,E0212
1285485,Z1556
648086,O0931
981601,O2946
1262307,Z2972
1170835,E1704
1206038,E1704
1175411,B0026
1435437,R3261
1188878,D0074
1204831,D1711
1529391,D0074
1113586,S1369
953345,O2946
1171904,F2083
1631302,R3261
1225700,H0404
831189,F2083
1293088,O2946
1131207,F0333
1271703,S3176
1240035,S3176
928337,F2083
1181442,F2331
938896,F0303
1240096,F2083
1243176,Z2411
191569,B0027
1141522,F2915
1007407,S2574
879878,R1232
1497700,L0653
1351084,P1737
1264309,E0214
1222577,R1210
1012923,O2947
1248149,Z1489
642949,D2318
1396158,Z2266
1155651,F1767
1158473,H0542
1032106,H0542
1309532,H2436
729250,H0542
1011430,S2963
1159691,I2841
1144333,H0542
1458221,H0542
1349343,E3116
812860,Z1500
1093949,O0968
1289690,Z1500
1364830,O2947
1204470,Z1500
1156956,M2483
1281566,Z1500
1004826,Z1480
1220182,F0232
169374,V1434
992510,Z2927
606264,O2480
854306,H2436
1137217,F3020
690922,R1232
1209829,F3300
1217325,Z1461
512371,B0012
1493957,R3261
1104723,F0272
848821,V1434
1435649,L0761
931669,O2702
1046655,F0280
1595557,D3196
1495228,R3261
149040,D0062
1213245,O0931
1153584,M0862
1129018,O1024
1514980,D3439
1629581,D3439
1514965,D3439
1629583,D3439
1663661,D3439
1663696,D3439
1293789,B2556
577855,H2436
1339606,E0186
1157897,L0683
491349,R1957
115488,R1262
1249094,L0654
1103121,P1111
1263036,P1111
790427,Z1579
652862,B0013
467852,P1111
1456870,I3365
1427540,I3365
868442,B0013
1296222,B0013
1219400,L0726
1178142,O2445
508130,M0869
1097876,S3197
1073917,M2046
1071028,F0276
347061,O1024
859108,Z2927
1628513,R2050
1202595,Z1605
1188023,C0047
1135386,H2860
650096,Z1568
172330,Z1605
1258844,F1833
1254057,Z1467
41599,H0454
1397209,P1079
1101359,F0313
946093,D2318
149307,D3196
1009446,F0313
1140346,F0313
307512,L0726
1138401,Z1605
1277137,Z3462
1218021,M2483
1009451,F0313
1339780,Z1605
1109132,M0853
1274626,F3347
1036145,Z1492
1229060,R1232
941541,Q1138
1514988,D3439
1239426,P3425
1212047,Z1494
1307398,R3270
1245878,G0377
1134092,H2555
1629873,Z1900
1211594,L3429
1106340,G0383
1249533,U3443
1182030,F0250
1115733,U3443
1202126,G0347
646931,S3126
1192614,O2309
697771,L0654
417610,Z1480
1012699,O2480
1258415,Q1168
1237923,Z2497
1374691,I0637
1177421,R1293
1207536,Z1467
1075198,Z2524
1252972,O2946
1332037,P1690
1045376,S1328
1263502,G3106
1158556,F0309
1297909,S1376
1141915,D2318
1563485,Z1592
1453471,R1962
385108,Z1589
850131,Z1467
149041,D2318
1237175,D2318
1108720,Z3462
1592396,M2459
1531013,L0746
1142546,D2318
1256090,S1357
1140906,O1044
1172647,S1319
512345,S1325
1182440,Z2497
1141563,Z2925
1220077,H2543
1234925,U1417
1174882,Z1900
979941,D2318
1217976,E1827
1114204,H2860
1110891,F2058
1593771,F2058
1483712,H2543
1220076,H2543
1211772,F2058
1493803,F2058
1107919,R3087
1630391,O1010
899660,O1040
1206752,F2058
166857,R1247
1194861,F0313
1494044,E0186
1159702,I2841
1290820,B0031
111141,R3261
112833,R3261
859479,F2331
1113124,M0908
995596,T1398
977346,Z1489
1337437,F0325
873858,Z1489
1206642,F0227
208768,F3241
1216769,Z1489
1279816,F3241
550352,N3111
1221551,O2802
853570,O2802
1083604,O2802
950920,O2802
1195176,O2802
1264841,O2802
712753,F0271
1103794,E1732
1060090,F0287
1291683,F0290
1103805,E1732
1082551,L0710
1241031,F3241
1289703,Z1500
1289715,Z1500
1069574,Z1515
1273377,F3412
661063,Z1628
1493664,E1681
1147422,Z1628
1248038,Z1506
914370,Z1563
1034463,S3197
1245375,L0717
79480,L0814
107957,Q1161
168588,S1369
746488,S1319
1106623,Z1506
390689,S1369
1032320,Z1628
932344,L2996
1086955,Z1915
1111750,N2942
1122697,F3347
1281398,L0710
759561,O3229
1253542,L0710
1195275,L0659
1375585,R1922
1351316,R1210
1188684,R1247
1188826,F2323
1208457,L0815
22494,F0250
1332671,R1922
1089926,Z1480
968939,F0319
1118174,D3130
1141818,D3130
1249578,L0810
796696,O2802
1166121,B0007
1119830,O2802
1232969,F2331
527805,C2688
1083570,O1702
1204830,D1711
170574,Z1515
1610880,Z1605
865985,M0895
1138424,S3094
1272361,H2379
975395,T1398
1180849,E0165
1316987,Z1560
1434787,O0933
1252337,H0513
1276955,I0609
1328823,U1417
1199557,C2688
1414158,Z2927
1402557,D0121
1134384,H3244
1489085,D0121
708814,Z1582
974315,F0313
1018903,R1275
1030919,S1354
1137016,S1354
1313536,Z1506
1331432,M0871
1154180,G1694
1629851,R3468
1592172,R3468
766308,P3056
129480,V1434
222384,P3056
1158866,I0609
1246192,F2136
594119,E2060
100419,P2095
138062,Z1535
1212903,Z1592
1382091,B0013
1310450,M0842
1152026,P3056
988408,O1028
1229674,E0214
1301138,O3229
1237179,D1926
1191635,Q2636
1293874,F0279
1212165,M0842
1146013,M0842
1118618,L0810
1287656,D0062
1222599,P1686
595965,P3056
1263975,E0212
1101416,T1389
1185217,Z2222
1531252,H2685
878814,Z1573
1240804,Z3211
1410321,E0212
1118536,P3056
1263444,F3337
1211273,I0609
1663176,R3110
1176452,Z1515
1285774,Z1515
565687,F2399
1252092,H2860
1215673,Z2222
909516,P2658
1152717,R1271
1356635,R2257
1371620,T1389
1203214,S3176
87343,M0899
163096,L3438
1565177,L3438
1565176,L3438
636040,S1369
1261309,S1381
1393723,C2041
1304785,Z1606
1216289,O2946
884495,P3425
1409385,L3179
807764,R2068
1290363,L2996
170584,Z1515
816087,Z2854
930522,O3349
1248275,Z2222
1199503,H0478
1340462,H0478
1163396,L0825
1173380,M1806
1238712,F3347
1248885,M2483
962128,F2083
1146178,Z1589
980908,M1853
1271866,L0825
1245447,Z3118
1227722,R2804
1144182,H2985
1273678,O0993
1088307,I0589
1096858,E2689
268731,L0825
865973,M1806
1421551,F0272
992152,O1016
1245999,Z1588
1281404,L0710
1281409,L0710
1273676,O0993
1194885,O1000
671973,R2306
112105,R3264
1194971,B1756
1112510,F2326
1328699,O3229
1163395,L0825
1058111,E0155
661333,R1262
841311,R1239
1398517,F0313
1529527,R3377
1207480,Z2106
672551,B2676
1248895,M2483
1123030,I3042
978806,S1345
1125977,S1375
1234865,Z1500
1629629,P3154
1540162,Z1565
563250,U3282
456262,I0642
1144784,Z1625
1042244,T1389
469210,B0007
756137,Q1138
1288275,B2676
1293224,T1398
1365175,Z1565
920798,O2173
985412,H1667
1157770,O2445
1280254,F1734
9952,D0121
256041,O1702
1313365,S1345
1118000,I0603
796178,Z1630
1239918,R2668
924072,S1991
1564629,L0805
1211429,P3041
1169061,R1239
1560473,R1204
1666286,P2237
356321,O2309
1238011,F0324
1140927,Z1630
1203130,E0145
1121886,R1239
1252582,S2909
1213868,L0710
1113574,S1991
1388919,R1204
894571,M2046
1425692,B0007
648359,P2273
166229,R1204
1246787,Z3462
950557,R1262
1263121,F2581
1093947,O2309
1562445,H2543
1663862,R1234
1592895,G0374
1243298,O3340
1124161,Z1470
1250891,L0683
832746,P1104
1291553,R2566
1235854,Q1138
1151211,F2455
1319229,L0683
1263351,F0258
1080296,F0260
1080310,F0260
298466,H0555
1301332,D2298
994647,S1336
965952,B0016
1030208,Q2636
764527,D2836
1507416,G1843
1300357,B0007
1562747,N0927
337619,E1725
1429529,P2273
1281799,L0805
1055771,F0263
963693,T1389
1121352,O1026
1495884,B0007
1103862,F2580
1293562,D2298
1562904,R1204
1266990,M0912
1297130,F1973
1533969,U1432
1242990,L0659
1287677,F0319
1035871,I0587
732930,F0324
1185223,Z2222
1112933,S1311
168171,S1991
969711,Z1574
1563028,B0016
416780,Z2570
1268230,D2298
1010014,S1316
1272645,H2543
1374440,H0436
1440892,O1032
1034811,Z1740
1275450,L2249
1238703,F0272
293803,P2798
1080479,M0899
1183478,F0271
1266509,P2288
1327820,U1688
1091163,H0429
1563025,F1973
105845,Q1137
1116084,G2593
1160628,D2298
1187115,B0031
1169909,E2777
1293395,D2298
1335435,Q1138
167514,S1303
1381985,D2298
1662135,D2298
1520405,H0429
1095963,I1821
1147580,Q1139
1200843,S1368
1131534,Q1139
1081308,S1991
1218451,H0513
809132,M2483
1383348,P3056
1294115,D0083
1339812,Z1515
1210670,F2580
861613,M1739
315402,S3418
1282826,R1210
121679,S3418
1381473,E0165
1408802,E0180
856685,U2344
1305900,Z1574
730411,Q3226
296908,Q1139
1149629,H3244
1079761,B2676
1178401,F1682
1362201,R2068
1139830,F1973
1152950,O1016
224834,O1028
646251,O1016
1073534,O1016
1243386,O1016
1320103,O1016
1213160,Z1588
1273659,O1016
1273661,O1016
1119045,Z2857
994229,L3079
1109128,M0853
968944,F0319
1153960,O3318
1420468,S2471
1115792,H2451
1331651,E3091
1412911,D2298
1163404,L1751
1127079,L1751
1198470,L1751
992388,L1751
1127084,L1751
1268653,L1751
1092293,L1751
1163364,L1751
1186743,S1311
1217595,E0212
1308146,F0287
1530159,R2306
1190036,E0155
538699,G0383
1631291,P1075
1583885,R3468
583857,E0155
1069752,F2580
1163442,L1751
1335657,L0656
1357352,P1746
850743,O1016
899273,T1395
1323986,I0645
981600,O1002
1097771,S2429
1214619,P1115
1221049,F2759
1164842,F0263
1254348,F0263
375077,U2197
1158054,F0276
1218478,F2331
1157581,P1686
1661624,P1686
1449961,H1667
1153694,Z1500
1279322,H1667
1203905,C2041
1427395,R1194
970707,H1667
35555,G0356
1659048,R3447
1375242,Z1574
1261338,S1382
1191391,H2600
1157393,S1382
1294458,L3380
1227115,L0728
1227108,L0728
937482,L0728
1114261,H2600
1338457,L0728
1493391,R3378
1062549,L0728
1167324,S2471
1154886,L0728
1227109,L0728
1199137,L0728
1158932,L0728
1379756,S2470
1434682,S2470
87151,M0896
1108896,S2470
1193848,S1382
1224596,R1194
968009,P2237
532619,F1734
1179604,G1977
1490477,R3378
1592060,G0340
1384734,G1977
1361123,G0340
1194873,L0656
1224174,S2429
1127010,L1751
1258933,R2303
1361083,P3286
32867,G0340
1086054,Z1589
1253021,F2331
416804,Z3118
1431675,H2600
1554222,M1853
1516220,D3439
1153678,R1211
780830,H1667
1147181,L2785
1286145,L0728
908342,L0728
1307248,L2725
1562604,Z2104
1285418,S2429
1529227,R3378
773306,O0931
1512417,B0016
977737,Z1589
111228,R3261
1354221,O0993
760707,O1010
1224179,S2429
1174865,S2429
1532690,Z1479
1145670,Z1613
881008,Z1452
1200462,I0604
1474753,D0093
371202,L0728
911702,D2298
1392464,E2060
1131538,Q1139
909020,L0659
1126523,D0093
1293380,F0290
998922,L0652
1166159,H0510
1239409,P2273
1171033,Z3451
1300683,E2060
165505,Q1139
1067588,Z2497
1105588,E2060
1474752,D0093
1207552,L3079
1381984,D2298
1424567,R3468
1075774,I0603
1288049,S1325
1435736,G1977
1123552,H0510
1142761,P2550
1154103,F0327
1248152,F2058
1126689,D0093
1250474,L0652
163729,O0994
1071090,Q1137
1067112,G1977
132687,Z1452
1176574,V1434
1369535,S1375
1294153,D0093
1632626,R3265
1174143,O1016
1316788,S2502
685600,P2273
597706,R1266
1467857,H1667
1548203,F3413
877833,D2334
1556827,E2426
1252322,H0513
165065,P1098
1204989,I3042
1210202,F2083
1076387,F2083
1186544,F0283
1188783,D0093
1198239,F3337
1010711,N0919
1215681,Z2222
1362618,S2470
1244494,L0694
1283919,S1991
1592585,B0032
1423434,R3468
868440,B0013
1142592,R3264
1285429,S2429
1302301,R3264
1493796,P3454
1224995,P2095
1047407,R1210
1223438,D0093
1110332,P3425
1444022,D2298
1213737,P3425
1456789,S3126
1253445,D0093
1252964,O2946
1242985,L0659
128877,U1423
1404356,S1991
1244504,L0694
306814,F0269
1455467,E0145
296957,Q1143
1054458,D2298
476262,E3453
1057840,D2298
1219355,S1344
1179304,Z3451
1211680,U1688
1273316,U1688
164813,P1076
1150278,H2451
1269282,U1688
1288577,N0919
1187679,F0276
1267692,O1016
1148411,N0919
1185680,F2455
111928,P2273
365404,P2273
1178736,N0919
1211522,Z2856
367570,T3080
1551013,F2455
1249833,O0968
1563373,R1232
772743,L0726
1148580,L0726
1250899,Z1630
1222461,O1016
1250422,Z2856
1294165,D0093
1132323,L2695
1236319,S1344
1168892,Q1143
1272240,Z1613
1244482,L0694
1217529,R1680
1327945,U1688
152285,F0276
1530486,G1977
1081184,S3126
1455436,L0694
1111704,U1688
1209608,O3349
900265,F0250
842205,D0085
1295655,T1396
1257577,S1375
966095,P3041
1449679,L0694
1368793,F0313
1145666,Z1613
1219402,L0726
1284950,O3416
1156932,O0944
1249143,T3080
1101363,Z3462
1107455,T3080
1057930,U1413
1194851,F0313
1331430,O0931
1650067,R3137
1540260,P1098
1221097,N0919
1113980,M0891
1301301,Z1588
936053,F0313
1217971,L0802
445711,D2318
865298,F0325
1081004,S1328
1288043,S1325
1630500,O3416
1015254,S1325
1254678,S1325
1185683,F2455
1288044,S1325
1629557,L1751
1176436,Z1515
1061774,O0964
1040380,L0819
1053724,S1325
1663162,S1325
1190710,S1325
748107,Z1479
1288589,N0919
502856,L0705
984937,G1977
1291961,I0611
1426463,T3080
424473,S2471
1126717,D0093
1620265,P2237
1287493,I0604
1592188,O1016
1630638,T3080
1251724,G1977
531122,H0399
1094310,S1325
165970,Q2666
1223080,S2470
1422784,S2470
1310355,L0728
106527,Q1143
1010644,I0611
1491615,T3080
1164066,F2396
1250863,P1098
1493665,E1681
1395148,T3080
1192962,S1381
1140419,T1395
1212084,I0611
1461380,Q1139
1235029,E0165
1493667,Z3211
1352562,R3110
1457895,E3287
1205812,M1806
1258174,S2574
1422785,S2470
1511147,B0027
149345,D3196
389696,Z3451
1288064,S1325
1252664,S2429
1353144,S2502
1136225,F3158
1092440,S1382
130771,Z1454
1207303,R1182
1207304,R1182
1188084,Z1500
1453566,Q1137
1119330,O1038
1161260,F0258
1400853,S1319
1200508,B0032
1010311,M2641
1013141,Z3093
340580,F1933
1596238,Z3451
1172942,R2944
608283,N0919
870871,R2566
1264253,Z1903
1175571,R2944
1161583,R2944
1235645,R1710
903136,R2566
1030863,R2944
1038350,F3015
1569385,N0921
1266773,O0944
1493390,R3378
789095,P2237
1350431,Z3462
1243230,T3080
1282432,E0165
1224381,M0899
1154589,Z1515
1107318,F0250
1420753,H3435
817477,H2992
1164789,U2894
1416447,D0093
890096,L0792
995447,L0792
1361969,C2041
996828,F0286
1159357,L0792
1017181,F2083
747542,B0013
1253148,Z2264
1406909,N0921
1249668,R1710
1191266,P2400
1187294,R1710
1134639,U2894
1021030,S3197
1288991,O2480
1529725,R3378
1004336,F0327
1021029,S3197
18628,F2915
997350,Z2857
1516395,C2041
1481163,N0921
1293413,P3041
1147152,R2566
877776,R2566
781093,B0013
53224,H0567
1022102,P2400
173689,H0567
273654,H0567
1152218,H0567
1268244,H0567
847908,H0567
1085930,Z3155
1447819,F0279
1018584,P2237
603365,H3296
1191833,H3296
985535,H3296
1461052,D1726
1486415,H3296
1266598,O3229
1111531,H3296
1661717,H3296
155858,H3296
162761,H3296
1361986,P2400
630958,H3296
1014702,Q2847
1205468,S1991
1460716,H0435
1102757,H0435
511984,F0271
1180196,I0616
1176810,O0968
962195,F0227
1099325,O0994
59362,I1821
861835,F0227
1537048,P2400
1046796,P3385
1354346,F2999
1191360,I1821
1045835,Z1793
1274916,Z1793
1232112,S1354
1276522,Z1468
1278604,S1365
517516,Z1468
1098300,O1026
891528,P2400
1276354,L0815
1390668,H0535
1216101,S1365
1281075,F0263
1287549,I0616
874472,M0899
830435,R2050
1324313,R2747
1249437,H1667
1098323,Z2856
1394003,P1075
896183,R1209
1260604,P1054
953924,T3080
1013502,Z1461
1142332,O0994
1250282,L0814
340033,Z1903
515961,Q1137
1562865,S2963
1121712,P2400
1283543,P2181
1238257,F0313
1105369,D2318
1362192,S1991
224354,F1974
1067998,L0731
1161614,P2181
1368914,L0731
1391519,I1821
1368919,L0731
951227,D1726
1156178,H1667
1275290,L0679
1089367,O1016
1285435,F2136
165295,P3041
1280040,L0792
871808,H2992
1038243,I1821
1157212,S1364
1632236,F1767
1246781,Z3462
1191357,I1821
1120175,P2131
1363644,R1244
913727,P2131
1101135,S1653
1661716,R2747
1099333,O0964
308399,S1344
1063788,P3056
1210779,F2241
1434821,I0616
1297751,D1870
1125072,I0616
1239835,I0637
503310,P2500
1212081,I0611
1255631,R1209
1216090,S1360
920633,R1209
1161025,P2400
1288953,F0227
575322,S1360
973194,Z2412
1239997,G2363
1318181,R1209
1155144,I0604
1256567,H0536
1432052,M2046
639807,R1182
913367,F0271
1146763,R1209
1142738,P2145
1620536,R1271
1151201,F2455
1285260,P1115
1025590,O2842
1180763,F3158
359683,P2145
1247698,Z1589
1275997,Z1630
1177567,P1115
221899,I0615
1256743,P2131
1223079,S2470
126354,T1392
1020670,P2145
1107547,Z2412
196152,I0637
1249340,S1364
1236485,H0508
990411,F0279
1277689,Z3236
959361,Z3462
884494,P3425
1396594,H2021
909421,L0731
997226,L0731
668388,F0325
1628135,P2145
1052998,Z1532
1250901,Z1630
1364866,D0094
1664648,H0536
1164291,D0094
1670521,P2400
1208581,F2999
1415356,B3327
999420,H0508
1022312,D1870
1362014,B3327
90336,O3416
1044607,H0508
1093596,I0603
1268888,L3357
499003,M1806
116128,R3378
1217755,H2168
1529183,E0150
1024540,Z2412
1554384,P2131
1094049,D0094
1362000,B0004
1207433,Z1495
619303,O1040
1215691,M0882
1130209,L0717
944001,T3080
1392914,R1962
1073445,P2181
1254747,I2623
1343458,I2623
1223950,L2624
1292687,Z1495
1053723,S1325
1210042,T3080
1503028,Z2731
1220596,B3327
1286751,F0287
126019,T1389
984754,R1209
1275392,L0679
937655,F0269
1152957,O1016
1196089,L1916
1259098,D0116
1489579,F0276
1005043,Z2411
999419,H0508
1211458,Z1941
104617,P1115
1189237,M0845
1257077,G0374
1034422,G0370
1344711,I0616
930776,Z1535
442318,P2145
1415355,B3327
1187973,P1914
1489157,B0012
1162886,E2426
1128199,H2168
1630570,F0285
1591804,R1249
8094,D0093
1088611,Z1573
1630149,H0510
650457,H1638
1387878,F3373
156864,H0567
1190431,O2965
1257081,G0374
1157262,G0374
1074602,F0269
960351,Z1479
477114,R1710
1365415,I0642
1189064,I0637
1189070,I0637
1217761,H2168
1138093,Z1452
1205885,Z1452
110233,R1194
1509441,I2841
1196937,R1194
1259349,R1249
924561,L0732
1048109,Z1625
1420290,B0032
1283922,S1991
1187974,P1914
1259278,G0374
1302377,L3179
865661,M2641
1629888,Q1139
1287509,I1821
1324312,R2747
916740,P1054
689242,P1914
1026621,R2306
1533540,P1077
1255696,M0875
1071069,Z3451
1292275,S1345
566066,M2640
1328453,D3284
1289099,S1364
1239055,M1806
632430,R3216
1243345,I0589
1160786,O1010
1218736,L2830
1328661,E0180
1229668,E0214
8399,D0094
1297024,D0094
1151492,O2630
7882,D0094
886450,R3378
1262903,O0994
805571,H0508
1620269,R1194
1071700,H1638
1292266,S1345
1189726,I1821
1272647,H2543
790830,O1002
1193303,U1688
1373805,F0332
1253605,H0510
1493553,R1182
956048,O1038
1133918,R3265
1130321,I3146
1302080,Z1467
1663628,D2318
1148134,Z1514
1271809,R1262
1661227,M0912
504980,D2318
1213534,Q1137
1381271,L0790
1256960,I0643
959467,Z2731
1269662,E2067
1238687,L0790
1243388,O1016
1279325,H1667
964744,Z1629
1180468,H0427
1362010,B3327
1250793,I2841
210711,P1690
1147952,Z1467
1592064,L2673
1108193,Z1467
916550,M0864
997251,F0333
1079047,P2500
1358456,S1325
1295485,R2306
1212527,S2471
1057808,S1374
605471,N2460
1196449,S1365
1529824,R1195
1191668,E2777
1630342,H0535
1662417,R2306
987827,F0304
773896,F0304
1294121,D0083
243238,F0231
1077472,F0304
1238638,H2990
1276946,I0609
1230412,S1325
1250236,Z1515
1173514,F2083
1511470,F0325
1208528,E0219
1393167,D0094
1238636,H2990
1113040,H2451
1667182,M3293
962242,D2318
1422338,R1209
1187283,R1192
1425372,Z1578
1193853,S3208
1167799,R1710
913243,O1002
1337481,F2083
1061028,O0988
1198214,R1710
601597,Z2570
902334,T1389
1291566,I0643
1040994,M0853
1255228,O1000
1192777,O1010
1210196,F2083
947162,Z2766
1109872,H0510
320050,I0611
461221,S2470
1441496,D0083
1196454,S1365
1159541,M0853
1264792,R2272
1348978,O2802
987449,L0816
863123,F0304
771983,L0816
1097910,D0051
1221725,O1000
1246329,Z1532
1205949,R1222
1253603,H0510
1489320,E0145
1035845,L0816
432735,E0145
1304644,F0324
1451190,H0542
115519,R1266
1199004,L0816
188784,Z1565
556943,U1424
1125728,B0022
1293379,H1638
552696,U2197
874348,P2181
441796,H0542
903307,P1115
1155323,R1245
1251192,S1365
583889,E0155
869815,Z3451
1661978,L0816
1259745,F0227
1531917,Z2409
985942,S1365
1067469,L0766
1077473,F0304
1196085,L1916
1094354,R3377
1658441,H3345
758036,R1245
1268654,L1751
1057943,E3116
79886,L0816
1141559,Q1137
1246546,Z1612
1155932,F0283
1209892,F2581
1244551,O2630
1372658,F0283
1129379,O0943
1661493,R1249
1053387,H2437
1493659,F3373
596626,S1991
1187681,F0276
1534248,S1365
862540,F0333
886286,Z1612
144133,Z1504
1567426,O2630
1219903,Z1496
922562,M0913
1145714,I0604
1115681,Z1514
962955,Z1496
1151491,O2630
214212,Z1504
1014418,R2257
1219063,F2136
1273579,F1682
1320172,S1364
1083852,O2630
1273577,F1682
1203676,Z1514
1213170,H0399
616626,E0145
1179483,G0377
1121863,E0145
1168819,E0145
1057347,O1044
1630073,E0145
727820,E0145
1125469,R2257
1243354,I0589
1532300,Z2409
1276700,I0589
1297769,R2804
939898,M2641
1225430,Z2266
799129,Q1161
1116466,F0287
1283984,N0919
1189463,L0722
1206374,G0340
942158,E3116
1293089,O1000
1496795,Z2766
1337565,M3293
1113945,H2437
1230712,F0324
1219071,F2136
1206630,F0227
1591594,Z2409
1337560,M3293
1281932,Z2106
1328465,D3284
1196248,T1398
1650076,R3137
1389618,H2437
1348082,L0832
1135776,Z2410
1176292,Z1903
1053510,M0841
1119738,O2630
126038,T1389
1149320,L2249
1139856,Z1504
1385892,H3277
1278626,P1079
1135727,B1849
466539,H1638
617947,L3357
1283259,Z2409
931439,Z2409
1571545,R1194
7281,D0086
1254743,O0994
1393556,M0841
1090653,R2257
592708,Z1450
1228103,F2083
1225731,Q1816
977946,S1319
401567,P2798
1007138,R1710
1333247,Z3093
294711,Z1589
314005,P3286
294336,S1329
1494211,Z2412
1238261,F0313
1363758,S1329
1088561,Q1816
1288023,Z1629
588717,Z1483
488612,B1756
1284964,O2630
1651681,P2237
1150734,S2429
82306,M0846
780802,I3042
1551136,M0846
1191392,H2600
319982,H2021
977154,F0274
105865,Q2974
1281789,Z1917
1198156,C0047
1370661,Z1917
1349623,Z1522
377267,P1079
1243430,Z1901
372790,P1079
728148,U1424
852557,T1389
1456400,R2306
1562731,R2306
1094797,H0557
1167474,H0557
1287286,I3156
1254802,H0557
1304440,Z2266
1171755,Z1629
1631494,T1389
1140052,T1389
940240,I0637
1417279,P2554
1220107,H0557
660136,H0557
156733,H0557
1531131,D0086
1138635,L0731
1199154,L0750
484179,P1914
1072601,I0637
1130268,S1329
1346764,H0508
1113588,S1369
1593274,S1369
1357740,E0219
825413,Z1624
165864,Q1168
1149331,I1821
1113589,S1369
1338467,L0728
1323898,S1328
1017405,R2201
1187168,F0304
1115757,Z1941
1345964,O2583
1490507,R2024
1120514,S1357
966068,Z1588
1056532,R2257
1244885,F0309
1307719,F0309
1506108,F0309
138230,Z1903
1171636,F0309
1238452,L0802
1280395,F0309
1190636,L0802
1456634,L1907
989704,O2583
1119181,O2583
1144747,O2583
1528822,R2025
1121629,S1376
1244881,F0309
1164890,I0587
1304639,F0324
1287962,O2583
143441,Z1579
1045858,M2046
1562838,I2227
31436,F0288
1138335,Z1522
1318189,R1209
168767,T3193
1376233,H0557
1333912,L0750
1665486,Q1816
1119741,O2630
1204079,Q1138
1276124,Z2925
1046321,Q1143
1280057,G1685
1191919,Q1138
1200969,R1222
1186113,E2067
1156040,G1685
1137931,L0722
1300572,R2257
1042208,F0283
1225516,L0761
1528278,L2624
1221774,L0790
1240268,I0587
1239876,L0832
1239050,L0815
375815,E0214
1031579,L0722
893008,E0180
1241188,F0269
1248093,R1222
1146640,M0851
1198908,G0383
1146775,G0340
1324447,M0860
1121228,U1417
1283267,Z2409
910435,S1376
1225971,I0612
404469,R1266
1252648,Z2687
1445056,D1926
1493560,M0875
1279189,H0557
1322172,R1222
504410,P1068
1121236,U1417
1051436,U1417
1157136,F0229
1212431,Z2497
1133170,L0750
1596151,H2990
1226738,R1266
1388518,O0968
1120780,Z1629
1217417,L2132
1251426,L0800
1176483,H0542
1293824,F2326
1497262,P1737
1184254,S1345
1184504,R1223
1018700,T1399
1042553,L2695
1629991,U1424
1664237,Z1479
1417791,E3116
1285765,Z1447
1102059,P2794
1145729,I0604
1291527,L0694
1629861,R3378
1248254,Z1502
835670,G0369
1415934,I1979
528415,G0363
812017,Z1480
1463602,E3117
1137686,E3117
753735,Z2348
921646,Z1514
1074455,Z3236
1036307,S1369
1291528,L0694
691404,F2399
1174457,F0296
1380900,Z1480
1097091,B0027
1078725,H0542
1160008,L1907
157886,I0614
856091,F0280
998619,F3367
599160,F3367
1314054,L2089
1244949,I1979
1007167,L0750
1682501,T1392
1495422,L0750
982683,D1870
1285126,L0750
1145544,L0750
1186218,F0280
1225959,L0802
1300924,E3117
1209195,T1393
1514989,F2331
1291601,F0323
1278223,Z1592
190690,R2339
1223133,P3286
116517,R1818
1128738,O1000
1174426,F0296
1254244,F2244
1119843,Z1548
1325884,R1222
1562331,F3379
83053,M0912
1328530,D3284
1248097,R1222
802327,M0859
1187906,D1870
1064994,R1222
1050187,Z1461
1180712,L0717
1104244,T1399
349452,O2630
1665796,D0125
1380012,L1787
1172794,H0395
1179579,I3365
166476,R3087
810500,E0212
166463,R3087
1256560,E0212
1236831,F1880
365767,R1960
1262457,F3020
1174427,F0296
1530223,P1746
835757,Z1573
1085238,S1329
534528,F0278
1239880,O0943
166139,R1194
1532949,D2318
166145,R1194
1148607,L0693
914696,E0155
1075818,E0138
1204494,Z1565
1318761,I3365
1068964,E0155
1231037,Q2636
1206316,F2331
583894,E0155
1050786,R2233
1239091,R2233
1662281,R2233
1652923,D0083
1206207,L1700
1204475,Z1565
631896,E0155
1310458,Z1504
938382,F3412
1204738,Z1504
658845,H3272
912827,L0705
1014044,H3272
1592176,H3272
1223112,H3272
1223211,O3298
905462,O3298
1177596,G0383
1223206,O3298
516642,T1395
976348,R2566
1009069,R2566
1221492,M0859
1670709,P2178
1670716,P2178
1104717,F0327
1595721,E0219
1072407,F0327
1594967,U2197
1031578,L0722
1394491,L0722
1129296,L2695
1087742,Z1553
992222,P1115
1455416,M3293
1261330,S1382
855291,L3380
1237007,H0552
1367209,S1350
1039072,T1385
32690,F0337
150981,E0219
1147462,H2436
1610926,P2554
883888,P1737
425944,R1957
1248628,Z1563
1647606,M0896
1086750,Z3255
336719,R1957
312739,H0542
1132450,Z1548
1272856,E0219
572096,Z3255
1074927,Z1548
1303775,Z1548
1303776,Z1548
1303759,Z1548
1040544,Z1504
1173641,F0227
17698,E0219
1272029,M1806
1582888,L0770
1223790,P2400
1280067,G1685
1632869,D1870
1043051,E0155
17699,E0219
938262,R1818
753007,E0219
1346171,I0642
1149668,F0304
1296935,O0930
1283201,F1880
1218758,O3322
772434,L0770
1095865,R2303
1246324,Z1532
921870,R1710
1288022,Z1629
1311802,T1393
1214938,F3367
1095792,B0031
814815,F2399
1563156,Z2959
1035385,F0225
185101,Z1450
1160528,O2445
1272858,E0219
1394717,H0464
966442,S1329
1068645,Q1138
943342,B1849
865900,Z2959
1392784,L2624
1628536,P2178
1222348,P2438
1254022,B0012
1176347,F0325
1061619,H0464
1121429,T1393
1138930,L2996
1485304,L2996
1124987,F3300
1144792,F3300
1198951,F3347
1630049,E0138
687930,R1182
1264449,E0155
1144521,P1098
1223078,S2470
547225,F1933
328987,S1721
1296447,Q2636
454072,S1721
1154864,I0587
1280314,F3300
1280323,F3300
1035382,F0225
1241912,F0296
1165005,R1940
1159076,H0455
1225068,R1209
1192396,H0464
1138855,T1393
1259633,F1880
1447361,S1357
1121795,S1721
190693,R1192
1595527,O2702
476107,E0219
313738,F3300
1318196,I0610
1268935,L0654
975941,F0275
1175933,Z2854
1664682,R1710
30258,F3412
1248648,Z1563
1530394,S1350
1209852,H1667
1162899,E2426
1362796,M1952
1310486,Z1504
1056303,R3082
168305,S1350
856007,L0776
1271190,S1381
901258,T1385
136603,Z1522
1356052,R1960
1089815,H0464
742677,R1957
910339,D0093
1195449,L0678
801765,L2830
1238453,L0802
1143115,Z2959
1194002,I3358
1328753,H3296
1250415,Z2959
1012868,S1319
1072087,F0227
725091,C3223
1530402,C3223
817156,C3223
1563027,C3223
1300966,C3223
744647,C3223
1262545,C3223
1286860,Z2959
1154270,Z1582
1242954,F0227
1501445,O3229
745619,B2392
463162,R2840
1151525,Z1540
1262207,L2996
657926,I3358
999913,S1381
861311,Z1485
503311,P2500
1153696,Z1500
1315055,O0968
1212343,N0927
1139185,F0286
969222,F0278
1555443,O0968
1355439,N0927
1281937,Z2106
937597,G0370
1222869,I3358
1236637,R3025
1229840,Q1816
1661730,E3453
391519,E1725
1251373,G0370
657986,I3358
897847,Z2571
472448,I3358
1184855,Z1582
1380071,I3358
977782,G1685
1175806,M0896
1340838,G1977
1670101,E1725
1050992,Z2222
1339870,F2058
1670112,E1725
1124258,Z2766
1493345,R2668
1162313,I3358
1156788,M2641
1244250,F1832
1158607,L2673
1240574,Z2766
1540593,E0219
1198598,Z1506
1106626,Z1506
1215889,I2623
1225855,R2257
1210330,Z1506
1157404,Z1506
1101412,T1389
1331084,O3229
968617,O0943
1002638,T3029
1212962,M0853
1185249,L0800
1289142,L2132
1262804,L2132
1304385,L2132
1287024,L2132
1140180,L2132
1077020,L2132
959180,L0800
1045856,M2046
471514,T1389
641161,T1389
1098221,F0331
1592513,M2046
908294,R1266
890147,T1393
1019281,R1245
1057304,R1245
1209692,R1245
1220494,Z1629
1280337,F3300
1298484,U1417
1493246,L3459
998087,O0943
713062,H2437
502658,B0026
1665185,H0510
1562592,F1880
914391,Z1496
1146171,L0717
1193502,G2690
1137141,Z1903
1180023,H1647
1592503,M3280
1171623,P2182
918797,E2212
345879,E2212
509873,Z2959
1279155,P2182
1662459,Z2409
898672,P2182
1282211,O1002
1529228,R2257
1250140,F3206
1562169,F0229
1251766,L3444
910932,O0933
856458,O0933
1259507,R1244
1074424,F3206
87708,M0908
707089,O0933
1316639,Z1492
1156994,H1647
267757,F0276
1159900,F2323
1380730,F3206
1633413,P2400
1360632,R1194
1226421,F0337
1068205,F0225
1278424,F0337
1269659,G0362
1294904,M0859
1493170,P3425
1210032,T3080
1017893,M0859
1080649,M0859
161755,M0859
1390586,H0464
853321,Z1533
1379464,M0859
143703,Z1582
1372883,M2046
243234,F0231
1129194,I3358
931435,Z2409
1170911,S1316
1235202,Z1941
710981,G0359
1191495,R3025
941114,M0859
1295236,R3025
1652477,G0362
1283257,Z2409
1184582,H0496
1149521,S1316
1260202,H0510
1136135,S1316
1073923,M2046
640652,G2615
1620082,P2400
1276718,L2624
1175482,O1893
1224693,S1316
966609,F3206
1060883,M0859
43403,M0896
1456138,H1647
1256640,M0859
1245777,H1647
1307559,L0776
1174212,S1316
1391842,H2166
1052974,R2257
511705,T1396
1670063,F3412
1075648,F1682
1117831,I2987
231984,F0276
1267787,E1789
239450,Z1533
900355,Z2017
1146802,Z2571
1211448,Z2571
1073351,T1393
1189320,L0832
1074251,L2089
868698,S1325
1201492,Z3211
981115,L2830
1592409,L0678
1246193,F2136
1246194,F2136
1005678,F2326
178746,R2840
1206283,R2840
1638152,R2840
1276695,I3042
998065,L0713
1239237,I3042
1147326,F0337
1224700,S1316
1186392,L0713
1530301,T1396
1213257,O0931
1350017,Z3255
1059028,R3025
1256682,O0943
1283598,H2168
1182343,F0287
865812,H2555
1152100,H2555
1096731,H0567
1371679,R2257
1250455,L2249
1080269,F3367
711070,H1647
1226905,O2965
580543,M0853
1493616,F2395
1192483,S1375
1396618,Z2017
1529693,U1417
1630892,N2942
1666769,E0219
1456412,N2942
1270102,L3459
1540796,Z1612
1142123,F1880
1328475,D3284
1193258,F0324
1119839,O2965
1661933,L0776
1268559,D2027
1119063,O0930
1192293,I0622
1199999,I1978
153458,F0331
1328499,D3284
1391570,I0622
454974,F0278
538831,I0622
1216466,B0021
1468474,R2804
1530216,F0337
1149310,L2249
1516015,P3185
1204992,I3042
761286,H3250
1080266,F3367
1273811,G0362
1218412,F0311
1282667,L0734
1151101,Z1780
1629689,L2830
1337060,L0829
1181838,H0552
1183758,O0993
1080003,L2996
1189000,G2593
1316444,Z1506
31958,F1884
287863,L2247
825851,R1223
978772,H0483
1067402,L2996
1278820,L2247
967045,F2399
1005501,F2399
1273026,S1316
1314250,R2840
1186208,O1002
1267207,F0337
1277911,P3056
1157910,L0683
1624611,O2309
1272866,E0219
1280537,Z1479
1291802,I0603
1368049,Z2411
1209187,U2603
1123442,R1818
1174265,S1328
1532585,R3447
1158237,Z2106
1261104,F2399
864765,M0851
1213104,Z1492
1151427,U2603
727332,S1375
71727,R1960
1144900,F0231
1182439,Z1470
1101105,E2060
492804,G0383
683081,E0196
1181949,O0959
1412194,U2603
1142093,G1977
1162923,R2257
1530615,U2894
82925,M0854
1244780,Z1627
1512390,Z1533
1070381,G1843
1425666,Z1565
759931,M0859
1662076,Z2266
1158490,O2965
1144894,F0231
1075058,L0678
1267221,F0337
1246800,S1365
1422310,H2437
757193,L0732
1192867,L0814
847928,H1817
710252,Z3255
654694,M2046
1018481,R2257
1240794,Z3211
1381858,D1870
1256942,I0643
1355898,D1870
1109651,L0652
1053443,O3349
964590,S1380
1027445,S1357
1033963,T1392
1263253,I3358
204209,Q1141
823825,Z3255
1147356,F0337
1176781,G0346
1356169,L0678
1440778,F3373
1260632,F3367
1240788,Z3211
1212089,I0611
1212090,I0611
1296787,L0678
1426468,G0374
1563366,Z2195
1662868,P2589
594498,F0233
1299884,H0552
1270543,S1328
1154479,S3197
965183,U2603
1017861,M0859
1154987,H3023
1270878,I0587
1398102,H2168
1253833,S1365
1452489,E3116
1562288,Q1161
1219065,F2136
1101746,R2840
893964,F0231
1042641,T1385
1494193,M2046
1630157,U2603
902447,F0231
1651097,R2840
996126,S1350
1075617,L1907
1247608,P1076
866246,L0829
372603,Z1578
1244680,I0614
1143276,F3206
1281281,Z2856
670673,U3282
918776,E2212
1530484,U3282
1086814,Z2571
1270814,H2876
128893,U2603
1283400,Z1553
1257298,M2641
1180533,F1880
1529984,L3459
1244357,L0653
300964,E2212
1128735,O1000
780517,R1964
1278464,R2840
1455562,D2298
1197548,S1311
1186209,O2946
1249853,F0304
1005073,T1393
1619053,L3459
1054059,E2212
1566097,F3300
1034350,F2395
1145716,I0604
759646,Z1557
1286400,F0335
1185536,I0614
1661657,Q1139
1250949,R1194
1664011,U1688
743984,N0920
931872,Z1557
1069846,P1914
1176173,Z1507
1230985,I0614
1174076,Z2264
954205,P1076
1255945,I0615
42638,H0464
970556,F0304
1125264,R1818
1177644,F0311
964743,Z1629
1258898,S1368
702410,F1832
1291958,I0611
1600972,F0316
156813,H0562
517529,Z2412
1361809,H2437
1249867,F0304
1207476,Z2106
1630085,N0919
1321606,F0309
1139929,M1806
1239046,M1806
1085997,Z1565
1137098,H0562
1096875,R1266
576652,L0678
492351,G0346
301452,F1884
1390584,H0464
906141,H0562
1511549,F0309
1211840,L0675
1341232,T1393
1040395,Z1565
1143354,Z1566
82867,M0853
1074779,G0346
1281444,Z1566
1245778,H1647
1023254,U1413
110675,R1204
1417922,L0732
1108257,L0674
833312,Z1566
1383006,E3116
110714,R1204
413780,L0678
1115746,Z1941
1034255,L2996
1628410,H0483
1289717,Z1500
1065323,F0335
1072525,G0383
1196402,L0674
1208026,G0346
936339,Z1467
1248365,D1870
1384718,O1000
1393174,Z1566
1559973,D1726
1260418,D1726
1139714,L0675
1179755,F2395
1347338,L0761
1455241,F0287
1111342,Z1563
1255614,F1880
1133686,L3024
1343886,G0377
1150438,Z2571
1317809,T1385
928294,Z1607
258408,H0399
1221332,I0594
721259,R2201
942066,Q1816
1087017,Z2964
1298358,U2894
1480099,L0829
1254940,P3056
1144733,O2583
995283,Q1816
869522,C2041
1196536,Z1466
1166000,P1098
940612,Z1606
896222,P3056
1238171,M1873
1235655,Z1495
1178716,Z1495
1484116,Z1495
154315,H0399
1399521,Z2411
1156785,M2641
1200347,M2641
1257303,M2641
1387879,F3373
983314,F1832
1318905,I0622
1078357,F2398
1335930,Z3236
1172164,F2398
1240109,Z3236
1072817,L2249
1407047,O0968
850559,H0399
482054,F2136
1189103,I0594
1174118,H0478
1243432,Z1901
1205817,M1806
1531740,R3447
1075524,T1385
912607,U2894
1440825,F3373
957519,H2992
1020628,Z1515
1207783,P3056
1066404,F0324
859063,Z1786
1104224,P3154
1184081,M2459
1250527,L3079
1455468,R1957
733309,F2398
1102528,Z1536
1077156,L3444
1147328,F0337
1107165,E0219
886379,R1254
619645,H0516
1075554,I0611
1632606,R2839
1308172,L0816
1196395,L0674
1042123,G2690
1026921,U2344
1184808,F2058
1257624,R1195
1167503,F1833
1593661,S1354
910676,R1195
250001,Z1607
871374,E2426
1252323,H0513
1212175,Z1780
1285088,O0944
1157201,S1364
691864,F2580
132287,F1868
1139520,F0324
1336017,F1868
702288,Z1579
1071045,F0231
1255613,F1880
1038661,Z1780
1069969,Z3118
1030966,R3087
1038662,Z1780
1208513,E0219
1221703,U2344
1222711,P2181
971162,R1223
1118370,M1873
1572939,Z1574
1164338,D0085
1245155,E3091
1059193,F3054
1246320,L0677
1268146,I1821
1196533,Z1466
1423664,M3280
421858,M0853
1196164,I0585
524701,I0585
286650,Z1467
1276757,U2344
1208526,E0219
468334,O2946
1313615,O3298
1224909,L0674
1224278,S1322
1111840,R1710
385928,H2543
1160282,I3156
1212298,L1787
1247129,H0478
1146865,L1916
1183422,O0993
970667,S2470
1369301,I0587
1215737,Z1548
453989,Z1548
1263208,F0233
1532217,Z1613
1251894,H1817
1030918,S1354
1283404,Z2017
1298870,L1787
575245,O1808
1175826,Z1536
1048354,M0888
1254068,Z1467
891952,L0776
1220495,Z1629
1118243,Z1539
824757,Z1548
982571,F3300
1265592,I3365
1142753,P2550
1416113,Z1557
1230053,O1010
1330865,O1808
918699,U2344
931852,Z1557
1176065,F1734
1210216,F1832
1238610,S1354
1231789,O0933
1181634,H0562
673436,Z1606
167110,R1273
1562443,H0562
1249949,O3298
1296118,S1380
1034485,S3197
1254661,S1325
1179245,F0225
1237507,H0562
1592248,M2641
960724,S3126
1356366,R2747
1225397,I1978
1630126,R1254
1203838,Z1536
1359582,D2880
352991,E3091
1256852,I3156
1131894,D0085
1422787,S2470
1239045,M1806
1671289,O2309
1125033,M0903
1194546,F0231
1062520,S1322
1085357,U2603
1075453,Z2106
1243361,O2947
1235358,R1234
1210741,O2947
1025613,M0888
1615967,Z1466
1117872,R1234
1185694,F2455
1068072,F0331
1292377,O0968
975481,M0888
1185906,F1832
1080651,M0859
975480,M0888
654897,M2641
1352654,H2437
786658,N0919
1217823,F0288
1629997,L0833
1631816,E3448
1306036,S1368
1532006,L0679
1080324,T1395
1276456,Z2731
1554121,L2671
1607995,G0347
1148855,L1700
1448897,I0599
1117861,Z1500
1012468,M0895
1113838,F0309
871676,Z2348
1530889,D2431
1320170,S1364
110376,R1195
1456792,S3126
934703,L0746
1118472,Z2571
1014002,T1396
1257015,I0610
1175941,U1417
969578,Z2347
166666,R1234
1375434,M0895
429312,H3250
1164166,O2309
1029142,H2878
52753,H0562
1185508,Z1556
1529797,E0219
1102730,Z2106
1061953,L1796
1326700,D1870
1126743,D1870
765386,Q2847
982685,D1870
1113756,Z1573
1217482,Z1573
1216614,F0225
743478,Q2847
161732,M0859
1298503,U1417
1251781,Z1535
1221696,B2676
1177795,L0679
1455262,L0833
1411966,O1032
80643,H3325
1177566,P1115
1180534,F1880
797297,Z1633
1020536,R1239
1246649,G0340
1207807,S2502
1246252,S2502
1353864,H2436
1266798,N2460
1346193,N2460
1259329,R1249
1393146,R2201
1216677,R1842
1494188,M2046
1388516,M3293
1183292,L0693
1225181,B2556
1217559,F2058
703994,D1870
936084,Z1563
130790,Z1548
721799,D1870
1232211,M0879
276577,F0286
1216085,S1360
900370,Z1563
1354404,F2397
1375832,S1319
1181896,O0997
1256502,M0908
1663489,H0441
1292072,L1906
1149684,F0298
1283199,F1880
1631129,R1195
1319893,Z1901
1438225,Z3451
147806,Z1901
1456427,L3061
1367904,P1115
836334,H3250
1290041,R2747
971346,P1115
1267535,T1393
636399,F2058
1139800,F0318
1364325,O0944
1033618,L3444
1138771,I2361
942990,G0383
1562935,P1068
700334,P3454
1072979,Q1161
891797,Z1531
742980,S1653
1075605,F0228
1175023,I0587
1245451,Z3118
1282242,Z1533
1428679,M0853
1036444,O3298
1408716,F2398
1259345,R1249
770416,O1032
292025,E2037
610182,F0330
1487432,L0678
1305686,S3176
1324044,Z1466
1520353,L3459
1195726,Q1128
1178260,Q1128
1312427,Z2856
1577906,H2600
1497379,M3280
1497402,M3280
1280431,R2465
869524,C2041
1003350,Z3236
1007485,Z1612
1150844,Z1543
1463317,O0959
1219716,H2152
1203759,Z1466
227702,M0878
1316091,F0243
1137816,F2580
763238,P2863
920780,P2863
1143173,M1853
1211859,F2395
1208819,M1853
1313203,H0424
390638,S1360
1458227,U1417
1020334,H2600
1225129,P2131
744536,Z1565
1065279,F0273
1174614,H2543
1244033,S1350
1007985,F2322
657484,S1360
164537,P2131
1213108,Z1492
1578745,S1354
1227525,R1234
1560143,Z1492
797167,H2600
1159411,M0895
296174,L0796
1281706,F2709
1142873,E2212
1297839,L1751
1240110,Z3236
1358267,S1375
340579,F1933
1219760,F2709
1108678,L0796
1198682,Z1532
1243155,F3379
1178371,Z1492
524461,M0864
1212453,Z1470
1308043,L0796
1106169,S1344
1667164,I3156
1136001,S1790
4936,C2688
855009,F2709
1086521,O0982
1373216,O2585
1153451,R2472
1212963,M0853
1364266,S1316
1194839,O0943
602354,S1369
1219077,O0982
1284980,O3322
1287526,I3156
1210188,F0280
1072557,I0612
1044072,R2602
920607,D0055
1490564,R2602
1069585,Z1515
1471775,F0225
1156184,H1667
1222546,T1385
1187672,S1790
1278844,H0534
1502123,L1700
1456773,H0424
1108730,M0913
971882,I0612
1126474,P1686
1350606,O0988
79770,L0816
1286353,F0225
1427912,Z1573
161766,M0860
822231,L0732
451541,Q3469
162304,M0896
800725,I3358
1202902,Z1557
1240183,F0243
151518,F0233
903049,M0859
1268321,H3330
1008052,F2398
954985,H0542
1101869,D0062
1320289,L0805
1455564,Q1161
168369,S1354
553900,Z1539
1276702,O0982
1235459,Q1142
1293146,Z1607
1520356,L3459
1212182,Z1780
1662513,Z1912
1208478,L0816
965181,U2603
794211,Z2497
899426,Z1606
792918,Z1453
1005449,F0271
1593587,G0377
1219266,F0269
1264279,R2257
1368716,G1843
1283943,Z2411
1662670,F0269
1393608,P2589
1292594,L0790
1220604,B0032
1393606,P2589
976534,H0429
1139566,F0311
1243010,D1926
1133671,L3024
1265325,R2840
1286426,F1868
959645,F0303
558131,Z2222
1176759,O2947
1159532,M0853
1225858,R2257
1034909,H2168
1134278,Q2636
1122358,Z1786
1205168,Z1606
1046231,Z1603
1245681,Z1479
1273229,Z1536
1084970,R2201
1179914,Z2571
1144428,R2201
912184,B1875
1318964,I3358
1226410,F0337
1117312,I0585
1390583,H0464
1188310,L2695
1563952,Z1780
1378173,G2593
1150443,Z2571
519748,O0931
150084,E0150
1209465,M2640
751681,C2688
1255484,D0125
1182702,Z1630
963934,L3024
1159578,F0287
1149689,F0287
1212965,M0853
1128553,Z1565
1296922,M2046
1193636,F0287
1176959,F0287
211532,Z3451
898888,Z1607
1314486,L2997
1400009,L0728
1328336,U3443
1416027,P3056
1263192,F0233
1291603,F2397
1249597,S1324
1038264,L0743
1307567,L0776
1301499,O3229
975309,Z1532
1289045,Z1579
1277305,L0666
1212660,Z1523
1390015,R1275
1494053,L0677
1339038,F0303
525549,L0805
1104472,P2302
1155253,Z1455
819533,F0267
1221129,Z1455
1077316,R1182
1073619,F2397
1246583,Z1557
1318958,I3358
1172097,Z1632
105170,Q3469
1286195,F0331
1202479,G3140
1469656,R1247
1270577,Z3255
1179715,R1234
510919,R1680
1076857,Z1455
1216079,S1360
1250425,Z2856
1287352,I0612
1267422,P1746
1192727,F2160
1192955,S1328
1443707,L0796
728182,U1428
1257747,L0805
1597600,S3351
262766,P2302
1064447,Z1535
1145337,Z1505
1142622,R2339
347690,Z1553
1039952,F0243
1281880,R1960
1681111,B0032
324199,Z2195
1256975,U3443
1192403,H0464
1261235,F0243
1285871,E0198
1598764,L0677
1160729,H0464
1202904,Z3155
1068005,L0731
128533,U3443
907093,Z1546
480640,R1960
933728,I3358
1661506,B0006
392144,F2455
1194841,O0943
1281027,R2339
1330218,R2339
